sample_id,label,strategy,severity,mode,img_sign,cosine,hybrid_score,vote,correct
pair_0,same,random_noise,0.05,img_only,1.000000,0.998508,0.999627,MATCH,1
pair_0,same,random_noise,0.05,cosine_only,1.000000,0.998508,0.999627,MATCH,1
pair_0,same,random_noise,0.05,hybrid,1.000000,0.998508,0.999627,MATCH,1
pair_0,same,random_noise,0.1,img_only,1.000000,0.997554,0.999388,MATCH,1
pair_0,same,random_noise,0.1,cosine_only,1.000000,0.997554,0.999388,MATCH,1
pair_0,same,random_noise,0.1,hybrid,1.000000,0.997554,0.999388,MATCH,1
pair_0,same,random_noise,0.2,img_only,1.000000,0.990789,0.997697,MATCH,1
pair_0,same,random_noise,0.2,cosine_only,1.000000,0.990789,0.997697,MATCH,1
pair_0,same,random_noise,0.2,hybrid,1.000000,0.990789,0.997697,MATCH,1
pair_0,same,random_noise,0.4,img_only,0.985207,0.936260,0.976669,MATCH,1
pair_0,same,random_noise,0.4,cosine_only,0.985207,0.936260,0.976669,MATCH,1
pair_0,same,random_noise,0.4,hybrid,0.985207,0.936260,0.976669,MATCH,1
pair_0,same,block_zero,0.05,img_only,0.901381,0.940135,0.935724,MATCH,1
pair_0,same,block_zero,0.05,cosine_only,0.901381,0.940135,0.935724,MATCH,1
pair_0,same,block_zero,0.05,hybrid,0.901381,0.940135,0.935724,MATCH,1
pair_0,same,block_zero,0.1,img_only,0.891519,0.990427,0.943366,MATCH,1
pair_0,same,block_zero,0.1,cosine_only,0.891519,0.990427,0.943366,MATCH,1
pair_0,same,block_zero,0.1,hybrid,0.891519,0.990427,0.943366,MATCH,1
pair_0,same,block_zero,0.2,img_only,0.787968,0.977768,0.888426,UNCERTAIN,0
pair_0,same,block_zero,0.2,cosine_only,0.787968,0.977768,0.888426,MATCH,1
pair_0,same,block_zero,0.2,hybrid,0.787968,0.977768,0.888426,MATCH,1
pair_0,same,block_zero,0.4,img_only,0.580868,0.973434,0.783792,DIFFERENT,0
pair_0,same,block_zero,0.4,cosine_only,0.580868,0.973434,0.783792,MATCH,1
pair_0,same,block_zero,0.4,hybrid,0.580868,0.973434,0.783792,UNCERTAIN,0
pair_0,same,amplitude_drop,0.05,img_only,0.999014,0.980591,0.994655,MATCH,1
pair_0,same,amplitude_drop,0.05,cosine_only,0.999014,0.980591,0.994655,MATCH,1
pair_0,same,amplitude_drop,0.05,hybrid,0.999014,0.980591,0.994655,MATCH,1
pair_0,same,amplitude_drop,0.1,img_only,1.000000,0.958556,0.989639,MATCH,1
pair_0,same,amplitude_drop,0.1,cosine_only,1.000000,0.958556,0.989639,MATCH,1
pair_0,same,amplitude_drop,0.1,hybrid,1.000000,0.958556,0.989639,MATCH,1
pair_0,same,amplitude_drop,0.2,img_only,0.999014,0.899144,0.974293,MATCH,1
pair_0,same,amplitude_drop,0.2,cosine_only,0.999014,0.899144,0.974293,MATCH,1
pair_0,same,amplitude_drop,0.2,hybrid,0.999014,0.899144,0.974293,MATCH,1
pair_0,same,amplitude_drop,0.4,img_only,0.970414,0.794970,0.933950,MATCH,1
pair_0,same,amplitude_drop,0.4,cosine_only,0.970414,0.794970,0.933950,MATCH,1
pair_0,same,amplitude_drop,0.4,hybrid,0.970414,0.794970,0.933950,MATCH,1
pair_10,same,random_noise,0.05,img_only,1.000000,0.998448,0.999612,MATCH,1
pair_10,same,random_noise,0.05,cosine_only,1.000000,0.998448,0.999612,MATCH,1
pair_10,same,random_noise,0.05,hybrid,1.000000,0.998448,0.999612,MATCH,1
pair_10,same,random_noise,0.1,img_only,1.000000,0.997676,0.999419,MATCH,1
pair_10,same,random_noise,0.1,cosine_only,1.000000,0.997676,0.999419,MATCH,1
pair_10,same,random_noise,0.1,hybrid,1.000000,0.997676,0.999419,MATCH,1
pair_10,same,random_noise,0.2,img_only,1.000000,0.990600,0.997650,MATCH,1
pair_10,same,random_noise,0.2,cosine_only,1.000000,0.990600,0.997650,MATCH,1
pair_10,same,random_noise,0.2,hybrid,1.000000,0.990600,0.997650,MATCH,1
pair_10,same,random_noise,0.4,img_only,0.972387,0.931457,0.969057,MATCH,1
pair_10,same,random_noise,0.4,cosine_only,0.972387,0.931457,0.969057,MATCH,1
pair_10,same,random_noise,0.4,hybrid,0.972387,0.931457,0.969057,MATCH,1
pair_10,same,block_zero,0.05,img_only,0.898422,0.950662,0.936877,MATCH,1
pair_10,same,block_zero,0.05,cosine_only,0.898422,0.950662,0.936877,MATCH,1
pair_10,same,block_zero,0.05,hybrid,0.898422,0.950662,0.936877,MATCH,1
pair_10,same,block_zero,0.1,img_only,0.795858,0.902535,0.873563,MATCH,1
pair_10,same,block_zero,0.1,cosine_only,0.795858,0.902535,0.873563,MATCH,1
pair_10,same,block_zero,0.1,hybrid,0.795858,0.902535,0.873563,MATCH,1
pair_10,same,block_zero,0.2,img_only,0.598619,0.763815,0.740263,DIFFERENT,0
pair_10,same,block_zero,0.2,cosine_only,0.598619,0.763815,0.740263,MATCH,1
pair_10,same,block_zero,0.2,hybrid,0.598619,0.763815,0.740263,UNCERTAIN,0
pair_10,same,block_zero,0.4,img_only,0.577909,0.970864,0.781671,DIFFERENT,0
pair_10,same,block_zero,0.4,cosine_only,0.577909,0.970864,0.781671,MATCH,1
pair_10,same,block_zero,0.4,hybrid,0.577909,0.970864,0.781671,UNCERTAIN,0
pair_10,same,amplitude_drop,0.05,img_only,1.000000,0.982370,0.995592,MATCH,1
pair_10,same,amplitude_drop,0.05,cosine_only,1.000000,0.982370,0.995592,MATCH,1
pair_10,same,amplitude_drop,0.05,hybrid,1.000000,0.982370,0.995592,MATCH,1
pair_10,same,amplitude_drop,0.1,img_only,1.000000,0.961561,0.990390,MATCH,1
pair_10,same,amplitude_drop,0.1,cosine_only,1.000000,0.961561,0.990390,MATCH,1
pair_10,same,amplitude_drop,0.1,hybrid,1.000000,0.961561,0.990390,MATCH,1
pair_10,same,amplitude_drop,0.2,img_only,1.000000,0.908448,0.977112,MATCH,1
pair_10,same,amplitude_drop,0.2,cosine_only,1.000000,0.908448,0.977112,MATCH,1
pair_10,same,amplitude_drop,0.2,hybrid,1.000000,0.908448,0.977112,MATCH,1
pair_10,same,amplitude_drop,0.4,img_only,0.992110,0.769232,0.938363,MATCH,1
pair_10,same,amplitude_drop,0.4,cosine_only,0.992110,0.769232,0.938363,MATCH,1
pair_10,same,amplitude_drop,0.4,hybrid,0.992110,0.769232,0.938363,MATCH,1
pair_11,different,random_noise,0.05,img_only,0.087771,-0.018903,0.289160,DIFFERENT,1
pair_11,different,random_noise,0.05,cosine_only,0.087771,-0.018903,0.289160,DIFFERENT,1
pair_11,different,random_noise,0.05,hybrid,0.087771,-0.018903,0.289160,DIFFERENT,1
pair_11,different,random_noise,0.1,img_only,0.083826,-0.017195,0.287615,DIFFERENT,1
pair_11,different,random_noise,0.1,cosine_only,0.083826,-0.017195,0.287615,DIFFERENT,1
pair_11,different,random_noise,0.1,hybrid,0.083826,-0.017195,0.287615,DIFFERENT,1
pair_11,different,random_noise,0.2,img_only,0.092702,-0.008052,0.294338,DIFFERENT,1
pair_11,different,random_noise,0.2,cosine_only,0.092702,-0.008052,0.294338,DIFFERENT,1
pair_11,different,random_noise,0.2,hybrid,0.092702,-0.008052,0.294338,DIFFERENT,1
pair_11,different,random_noise,0.4,img_only,0.090730,-0.002827,0.294658,DIFFERENT,1
pair_11,different,random_noise,0.4,cosine_only,0.090730,-0.002827,0.294658,DIFFERENT,1
pair_11,different,random_noise,0.4,hybrid,0.090730,-0.002827,0.294658,DIFFERENT,1
pair_11,different,block_zero,0.05,img_only,0.074951,-0.024075,0.281457,DIFFERENT,1
pair_11,different,block_zero,0.05,cosine_only,0.074951,-0.024075,0.281457,DIFFERENT,1
pair_11,different,block_zero,0.05,hybrid,0.074951,-0.024075,0.281457,DIFFERENT,1
pair_11,different,block_zero,0.1,img_only,0.065089,-0.031510,0.274667,DIFFERENT,1
pair_11,different,block_zero,0.1,cosine_only,0.065089,-0.031510,0.274667,DIFFERENT,1
pair_11,different,block_zero,0.1,hybrid,0.065089,-0.031510,0.274667,DIFFERENT,1
pair_11,different,block_zero,0.2,img_only,0.064103,-0.020452,0.276938,DIFFERENT,1
pair_11,different,block_zero,0.2,cosine_only,0.064103,-0.020452,0.276938,DIFFERENT,1
pair_11,different,block_zero,0.2,hybrid,0.064103,-0.020452,0.276938,DIFFERENT,1
pair_11,different,block_zero,0.4,img_only,0.031558,-0.006328,0.264197,DIFFERENT,1
pair_11,different,block_zero,0.4,cosine_only,0.031558,-0.006328,0.264197,DIFFERENT,1
pair_11,different,block_zero,0.4,hybrid,0.031558,-0.006328,0.264197,DIFFERENT,1
pair_11,different,amplitude_drop,0.05,img_only,0.079882,-0.018263,0.285375,DIFFERENT,1
pair_11,different,amplitude_drop,0.05,cosine_only,0.079882,-0.018263,0.285375,DIFFERENT,1
pair_11,different,amplitude_drop,0.05,hybrid,0.079882,-0.018263,0.285375,DIFFERENT,1
pair_11,different,amplitude_drop,0.1,img_only,0.086785,-0.021419,0.288038,DIFFERENT,1
pair_11,different,amplitude_drop,0.1,cosine_only,0.086785,-0.021419,0.288038,DIFFERENT,1
pair_11,different,amplitude_drop,0.1,hybrid,0.086785,-0.021419,0.288038,DIFFERENT,1
pair_11,different,amplitude_drop,0.2,img_only,0.068047,-0.008704,0.281848,DIFFERENT,1
pair_11,different,amplitude_drop,0.2,cosine_only,0.068047,-0.008704,0.281848,DIFFERENT,1
pair_11,different,amplitude_drop,0.2,hybrid,0.068047,-0.008704,0.281848,DIFFERENT,1
pair_11,different,amplitude_drop,0.4,img_only,0.040434,-0.032754,0.262028,DIFFERENT,1
pair_11,different,amplitude_drop,0.4,cosine_only,0.040434,-0.032754,0.262028,DIFFERENT,1
pair_11,different,amplitude_drop,0.4,hybrid,0.040434,-0.032754,0.262028,DIFFERENT,1
pair_1,different,random_noise,0.05,img_only,0.101578,0.038336,0.310373,DIFFERENT,1
pair_1,different,random_noise,0.05,cosine_only,0.101578,0.038336,0.310373,DIFFERENT,1
pair_1,different,random_noise,0.05,hybrid,0.101578,0.038336,0.310373,DIFFERENT,1
pair_1,different,random_noise,0.1,img_only,0.096647,0.039516,0.308202,DIFFERENT,1
pair_1,different,random_noise,0.1,cosine_only,0.096647,0.039516,0.308202,DIFFERENT,1
pair_1,different,random_noise,0.1,hybrid,0.096647,0.039516,0.308202,DIFFERENT,1
pair_1,different,random_noise,0.2,img_only,0.112426,0.042819,0.316918,DIFFERENT,1
pair_1,different,random_noise,0.2,cosine_only,0.112426,0.042819,0.316918,DIFFERENT,1
pair_1,different,random_noise,0.2,hybrid,0.112426,0.042819,0.316918,DIFFERENT,1
pair_1,different,random_noise,0.4,img_only,0.092702,0.036537,0.305485,DIFFERENT,1
pair_1,different,random_noise,0.4,cosine_only,0.092702,0.036537,0.305485,DIFFERENT,1
pair_1,different,random_noise,0.4,hybrid,0.092702,0.036537,0.305485,DIFFERENT,1
pair_1,different,block_zero,0.05,img_only,0.098619,0.041033,0.309568,DIFFERENT,1
pair_1,different,block_zero,0.05,cosine_only,0.098619,0.041033,0.309568,DIFFERENT,1
pair_1,different,block_zero,0.05,hybrid,0.098619,0.041033,0.309568,DIFFERENT,1
pair_1,different,block_zero,0.1,img_only,0.069034,0.039774,0.294460,DIFFERENT,1
pair_1,different,block_zero,0.1,cosine_only,0.069034,0.039774,0.294460,DIFFERENT,1
pair_1,different,block_zero,0.1,hybrid,0.069034,0.039774,0.294460,DIFFERENT,1
pair_1,different,block_zero,0.2,img_only,0.040434,0.021819,0.275672,DIFFERENT,1
pair_1,different,block_zero,0.2,cosine_only,0.040434,0.021819,0.275672,DIFFERENT,1
pair_1,different,block_zero,0.2,hybrid,0.040434,0.021819,0.275672,DIFFERENT,1
pair_1,different,block_zero,0.4,img_only,0.061144,-0.003891,0.279599,DIFFERENT,1
pair_1,different,block_zero,0.4,cosine_only,0.061144,-0.003891,0.279599,DIFFERENT,1
pair_1,different,block_zero,0.4,hybrid,0.061144,-0.003891,0.279599,DIFFERENT,1
pair_1,different,amplitude_drop,0.05,img_only,0.101578,0.045948,0.312276,DIFFERENT,1
pair_1,different,amplitude_drop,0.05,cosine_only,0.101578,0.045948,0.312276,DIFFERENT,1
pair_1,different,amplitude_drop,0.05,hybrid,0.101578,0.045948,0.312276,DIFFERENT,1
pair_1,different,amplitude_drop,0.1,img_only,0.091716,0.025331,0.302191,DIFFERENT,1
pair_1,different,amplitude_drop,0.1,cosine_only,0.091716,0.025331,0.302191,DIFFERENT,1
pair_1,different,amplitude_drop,0.1,hybrid,0.091716,0.025331,0.302191,DIFFERENT,1
pair_1,different,amplitude_drop,0.2,img_only,0.081854,0.027503,0.297803,DIFFERENT,1
pair_1,different,amplitude_drop,0.2,cosine_only,0.081854,0.027503,0.297803,DIFFERENT,1
pair_1,different,amplitude_drop,0.2,hybrid,0.081854,0.027503,0.297803,DIFFERENT,1
pair_1,different,amplitude_drop,0.4,img_only,0.044379,0.012485,0.275311,DIFFERENT,1
pair_1,different,amplitude_drop,0.4,cosine_only,0.044379,0.012485,0.275311,DIFFERENT,1
pair_1,different,amplitude_drop,0.4,hybrid,0.044379,0.012485,0.275311,DIFFERENT,1
pair_2,same,random_noise,0.05,img_only,1.000000,0.998560,0.999640,MATCH,1
pair_2,same,random_noise,0.05,cosine_only,1.000000,0.998560,0.999640,MATCH,1
pair_2,same,random_noise,0.05,hybrid,1.000000,0.998560,0.999640,MATCH,1
pair_2,same,random_noise,0.1,img_only,1.000000,0.997812,0.999453,MATCH,1
pair_2,same,random_noise,0.1,cosine_only,1.000000,0.997812,0.999453,MATCH,1
pair_2,same,random_noise,0.1,hybrid,1.000000,0.997812,0.999453,MATCH,1
pair_2,same,random_noise,0.2,img_only,1.000000,0.991172,0.997793,MATCH,1
pair_2,same,random_noise,0.2,cosine_only,1.000000,0.991172,0.997793,MATCH,1
pair_2,same,random_noise,0.2,hybrid,1.000000,0.991172,0.997793,MATCH,1
pair_2,same,random_noise,0.4,img_only,0.987179,0.935603,0.977490,MATCH,1
pair_2,same,random_noise,0.4,cosine_only,0.987179,0.935603,0.977490,MATCH,1
pair_2,same,random_noise,0.4,hybrid,0.987179,0.935603,0.977490,MATCH,1
pair_2,same,block_zero,0.05,img_only,0.903353,0.948443,0.938787,MATCH,1
pair_2,same,block_zero,0.05,cosine_only,0.903353,0.948443,0.938787,MATCH,1
pair_2,same,block_zero,0.05,hybrid,0.903353,0.948443,0.938787,MATCH,1
pair_2,same,block_zero,0.1,img_only,0.801775,0.871710,0.868815,MATCH,1
pair_2,same,block_zero,0.1,cosine_only,0.801775,0.871710,0.868815,MATCH,1
pair_2,same,block_zero,0.1,hybrid,0.801775,0.871710,0.868815,MATCH,1
pair_2,same,block_zero,0.2,img_only,0.683432,0.855349,0.805553,UNCERTAIN,0
pair_2,same,block_zero,0.2,cosine_only,0.683432,0.855349,0.805553,MATCH,1
pair_2,same,block_zero,0.2,hybrid,0.683432,0.855349,0.805553,MATCH,1
pair_2,same,block_zero,0.4,img_only,0.290927,0.503613,0.521367,DIFFERENT,0
pair_2,same,block_zero,0.4,cosine_only,0.290927,0.503613,0.521367,UNCERTAIN,0
pair_2,same,block_zero,0.4,hybrid,0.290927,0.503613,0.521367,DIFFERENT,0
pair_2,same,amplitude_drop,0.05,img_only,1.000000,0.980382,0.995096,MATCH,1
pair_2,same,amplitude_drop,0.05,cosine_only,1.000000,0.980382,0.995096,MATCH,1
pair_2,same,amplitude_drop,0.05,hybrid,1.000000,0.980382,0.995096,MATCH,1
pair_2,same,amplitude_drop,0.1,img_only,1.000000,0.964750,0.991187,MATCH,1
pair_2,same,amplitude_drop,0.1,cosine_only,1.000000,0.964750,0.991187,MATCH,1
pair_2,same,amplitude_drop,0.1,hybrid,1.000000,0.964750,0.991187,MATCH,1
pair_2,same,amplitude_drop,0.2,img_only,1.000000,0.926928,0.981732,MATCH,1
pair_2,same,amplitude_drop,0.2,cosine_only,1.000000,0.926928,0.981732,MATCH,1
pair_2,same,amplitude_drop,0.2,hybrid,1.000000,0.926928,0.981732,MATCH,1
pair_2,same,amplitude_drop,0.4,img_only,0.996055,0.795824,0.946984,MATCH,1
pair_2,same,amplitude_drop,0.4,cosine_only,0.996055,0.795824,0.946984,MATCH,1
pair_2,same,amplitude_drop,0.4,hybrid,0.996055,0.795824,0.946984,MATCH,1
pair_3,different,random_noise,0.05,img_only,0.098619,0.004916,0.300539,DIFFERENT,1
pair_3,different,random_noise,0.05,cosine_only,0.098619,0.004916,0.300539,DIFFERENT,1
pair_3,different,random_noise,0.05,hybrid,0.098619,0.004916,0.300539,DIFFERENT,1
pair_3,different,random_noise,0.1,img_only,0.094675,0.003469,0.298205,DIFFERENT,1
pair_3,different,random_noise,0.1,cosine_only,0.094675,0.003469,0.298205,DIFFERENT,1
pair_3,different,random_noise,0.1,hybrid,0.094675,0.003469,0.298205,DIFFERENT,1
pair_3,different,random_noise,0.2,img_only,0.098619,0.006280,0.300880,DIFFERENT,1
pair_3,different,random_noise,0.2,cosine_only,0.098619,0.006280,0.300880,DIFFERENT,1
pair_3,different,random_noise,0.2,hybrid,0.098619,0.006280,0.300880,DIFFERENT,1
pair_3,different,random_noise,0.4,img_only,0.080868,-0.013736,0.287000,DIFFERENT,1
pair_3,different,random_noise,0.4,cosine_only,0.080868,-0.013736,0.287000,DIFFERENT,1
pair_3,different,random_noise,0.4,hybrid,0.080868,-0.013736,0.287000,DIFFERENT,1
pair_3,different,block_zero,0.05,img_only,0.088757,0.009401,0.296729,DIFFERENT,1
pair_3,different,block_zero,0.05,cosine_only,0.088757,0.009401,0.296729,DIFFERENT,1
pair_3,different,block_zero,0.05,hybrid,0.088757,0.009401,0.296729,DIFFERENT,1
pair_3,different,block_zero,0.1,img_only,0.070020,-0.008346,0.282923,DIFFERENT,1
pair_3,different,block_zero,0.1,cosine_only,0.070020,-0.008346,0.282923,DIFFERENT,1
pair_3,different,block_zero,0.1,hybrid,0.070020,-0.008346,0.282923,DIFFERENT,1
pair_3,different,block_zero,0.2,img_only,0.066075,0.024628,0.289195,DIFFERENT,1
pair_3,different,block_zero,0.2,cosine_only,0.066075,0.024628,0.289195,DIFFERENT,1
pair_3,different,block_zero,0.2,hybrid,0.066075,0.024628,0.289195,DIFFERENT,1
pair_3,different,block_zero,0.4,img_only,0.061144,0.025814,0.287026,DIFFERENT,1
pair_3,different,block_zero,0.4,cosine_only,0.061144,0.025814,0.287026,DIFFERENT,1
pair_3,different,block_zero,0.4,hybrid,0.061144,0.025814,0.287026,DIFFERENT,1
pair_3,different,amplitude_drop,0.05,img_only,0.100592,0.002465,0.300912,DIFFERENT,1
pair_3,different,amplitude_drop,0.05,cosine_only,0.100592,0.002465,0.300912,DIFFERENT,1
pair_3,different,amplitude_drop,0.05,hybrid,0.100592,0.002465,0.300912,DIFFERENT,1
pair_3,different,amplitude_drop,0.1,img_only,0.085799,0.002159,0.293439,DIFFERENT,1
pair_3,different,amplitude_drop,0.1,cosine_only,0.085799,0.002159,0.293439,DIFFERENT,1
pair_3,different,amplitude_drop,0.1,hybrid,0.085799,0.002159,0.293439,DIFFERENT,1
pair_3,different,amplitude_drop,0.2,img_only,0.073964,0.009030,0.289240,DIFFERENT,1
pair_3,different,amplitude_drop,0.2,cosine_only,0.073964,0.009030,0.289240,DIFFERENT,1
pair_3,different,amplitude_drop,0.2,hybrid,0.073964,0.009030,0.289240,DIFFERENT,1
pair_3,different,amplitude_drop,0.4,img_only,0.052268,0.025851,0.282597,DIFFERENT,1
pair_3,different,amplitude_drop,0.4,cosine_only,0.052268,0.025851,0.282597,DIFFERENT,1
pair_3,different,amplitude_drop,0.4,hybrid,0.052268,0.025851,0.282597,DIFFERENT,1
pair_4,same,random_noise,0.05,img_only,1.000000,0.998689,0.999672,MATCH,1
pair_4,same,random_noise,0.05,cosine_only,1.000000,0.998689,0.999672,MATCH,1
pair_4,same,random_noise,0.05,hybrid,1.000000,0.998689,0.999672,MATCH,1
pair_4,same,random_noise,0.1,img_only,1.000000,0.997703,0.999426,MATCH,1
pair_4,same,random_noise,0.1,cosine_only,1.000000,0.997703,0.999426,MATCH,1
pair_4,same,random_noise,0.1,hybrid,1.000000,0.997703,0.999426,MATCH,1
pair_4,same,random_noise,0.2,img_only,1.000000,0.991620,0.997905,MATCH,1
pair_4,same,random_noise,0.2,cosine_only,1.000000,0.991620,0.997905,MATCH,1
pair_4,same,random_noise,0.2,hybrid,1.000000,0.991620,0.997905,MATCH,1
pair_4,same,random_noise,0.4,img_only,0.989152,0.934273,0.978144,MATCH,1
pair_4,same,random_noise,0.4,cosine_only,0.989152,0.934273,0.978144,MATCH,1
pair_4,same,random_noise,0.4,hybrid,0.989152,0.934273,0.978144,MATCH,1
pair_4,same,block_zero,0.05,img_only,0.902367,0.949397,0.938533,MATCH,1
pair_4,same,block_zero,0.05,cosine_only,0.902367,0.949397,0.938533,MATCH,1
pair_4,same,block_zero,0.05,hybrid,0.902367,0.949397,0.938533,MATCH,1
pair_4,same,block_zero,0.1,img_only,0.797830,0.877871,0.868383,MATCH,1
pair_4,same,block_zero,0.1,cosine_only,0.797830,0.877871,0.868383,MATCH,1
pair_4,same,block_zero,0.1,hybrid,0.797830,0.877871,0.868383,MATCH,1
pair_4,same,block_zero,0.2,img_only,0.599606,0.744436,0.735912,DIFFERENT,0
pair_4,same,block_zero,0.2,cosine_only,0.599606,0.744436,0.735912,MATCH,1
pair_4,same,block_zero,0.2,hybrid,0.599606,0.744436,0.735912,UNCERTAIN,0
pair_4,same,block_zero,0.4,img_only,0.485207,0.830939,0.700338,DIFFERENT,0
pair_4,same,block_zero,0.4,cosine_only,0.485207,0.830939,0.700338,MATCH,1
pair_4,same,block_zero,0.4,hybrid,0.485207,0.830939,0.700338,UNCERTAIN,0
pair_4,same,amplitude_drop,0.05,img_only,1.000000,0.986314,0.996578,MATCH,1
pair_4,same,amplitude_drop,0.05,cosine_only,1.000000,0.986314,0.996578,MATCH,1
pair_4,same,amplitude_drop,0.05,hybrid,1.000000,0.986314,0.996578,MATCH,1
pair_4,same,amplitude_drop,0.1,img_only,1.000000,0.962815,0.990704,MATCH,1
pair_4,same,amplitude_drop,0.1,cosine_only,1.000000,0.962815,0.990704,MATCH,1
pair_4,same,amplitude_drop,0.1,hybrid,1.000000,0.962815,0.990704,MATCH,1
pair_4,same,amplitude_drop,0.2,img_only,0.999014,0.926192,0.981055,MATCH,1
pair_4,same,amplitude_drop,0.2,cosine_only,0.999014,0.926192,0.981055,MATCH,1
pair_4,same,amplitude_drop,0.2,hybrid,0.999014,0.926192,0.981055,MATCH,1
pair_4,same,amplitude_drop,0.4,img_only,0.989152,0.790014,0.942079,MATCH,1
pair_4,same,amplitude_drop,0.4,cosine_only,0.989152,0.790014,0.942079,MATCH,1
pair_4,same,amplitude_drop,0.4,hybrid,0.989152,0.790014,0.942079,MATCH,1
pair_5,different,random_noise,0.05,img_only,0.089744,0.019812,0.299825,DIFFERENT,1
pair_5,different,random_noise,0.05,cosine_only,0.089744,0.019812,0.299825,DIFFERENT,1
pair_5,different,random_noise,0.05,hybrid,0.089744,0.019812,0.299825,DIFFERENT,1
pair_5,different,random_noise,0.1,img_only,0.087771,0.018296,0.298460,DIFFERENT,1
pair_5,different,random_noise,0.1,cosine_only,0.087771,0.018296,0.298460,DIFFERENT,1
pair_5,different,random_noise,0.1,hybrid,0.087771,0.018296,0.298460,DIFFERENT,1
pair_5,different,random_noise,0.2,img_only,0.086785,0.019030,0.298150,DIFFERENT,1
pair_5,different,random_noise,0.2,cosine_only,0.086785,0.019030,0.298150,DIFFERENT,1
pair_5,different,random_noise,0.2,hybrid,0.086785,0.019030,0.298150,DIFFERENT,1
pair_5,different,random_noise,0.4,img_only,0.105523,0.012769,0.305953,DIFFERENT,1
pair_5,different,random_noise,0.4,cosine_only,0.105523,0.012769,0.305953,DIFFERENT,1
pair_5,different,random_noise,0.4,hybrid,0.105523,0.012769,0.305953,DIFFERENT,1
pair_5,different,block_zero,0.05,img_only,0.071006,0.010804,0.288204,DIFFERENT,1
pair_5,different,block_zero,0.05,cosine_only,0.071006,0.010804,0.288204,DIFFERENT,1
pair_5,different,block_zero,0.05,hybrid,0.071006,0.010804,0.288204,DIFFERENT,1
pair_5,different,block_zero,0.1,img_only,0.071992,0.007167,0.287788,DIFFERENT,1
pair_5,different,block_zero,0.1,cosine_only,0.071992,0.007167,0.287788,DIFFERENT,1
pair_5,different,block_zero,0.1,hybrid,0.071992,0.007167,0.287788,DIFFERENT,1
pair_5,different,block_zero,0.2,img_only,0.037475,0.009385,0.271084,DIFFERENT,1
pair_5,different,block_zero,0.2,cosine_only,0.037475,0.009385,0.271084,DIFFERENT,1
pair_5,different,block_zero,0.2,hybrid,0.037475,0.009385,0.271084,DIFFERENT,1
pair_5,different,block_zero,0.4,img_only,0.022682,0.004590,0.262489,DIFFERENT,1
pair_5,different,block_zero,0.4,cosine_only,0.022682,0.004590,0.262489,DIFFERENT,1
pair_5,different,block_zero,0.4,hybrid,0.022682,0.004590,0.262489,DIFFERENT,1
pair_5,different,amplitude_drop,0.05,img_only,0.091716,0.017320,0.300188,DIFFERENT,1
pair_5,different,amplitude_drop,0.05,cosine_only,0.091716,0.017320,0.300188,DIFFERENT,1
pair_5,different,amplitude_drop,0.05,hybrid,0.091716,0.017320,0.300188,DIFFERENT,1
pair_5,different,amplitude_drop,0.1,img_only,0.079882,0.018673,0.294609,DIFFERENT,1
pair_5,different,amplitude_drop,0.1,cosine_only,0.079882,0.018673,0.294609,DIFFERENT,1
pair_5,different,amplitude_drop,0.1,hybrid,0.079882,0.018673,0.294609,DIFFERENT,1
pair_5,different,amplitude_drop,0.2,img_only,0.079882,0.022322,0.295521,DIFFERENT,1
pair_5,different,amplitude_drop,0.2,cosine_only,0.079882,0.022322,0.295521,DIFFERENT,1
pair_5,different,amplitude_drop,0.2,hybrid,0.079882,0.022322,0.295521,DIFFERENT,1
pair_5,different,amplitude_drop,0.4,img_only,0.062130,0.032597,0.289214,DIFFERENT,1
pair_5,different,amplitude_drop,0.4,cosine_only,0.062130,0.032597,0.289214,DIFFERENT,1
pair_5,different,amplitude_drop,0.4,hybrid,0.062130,0.032597,0.289214,DIFFERENT,1
pair_6,same,random_noise,0.05,img_only,1.000000,0.998495,0.999624,MATCH,1
pair_6,same,random_noise,0.05,cosine_only,1.000000,0.998495,0.999624,MATCH,1
pair_6,same,random_noise,0.05,hybrid,1.000000,0.998495,0.999624,MATCH,1
pair_6,same,random_noise,0.1,img_only,1.000000,0.997709,0.999427,MATCH,1
pair_6,same,random_noise,0.1,cosine_only,1.000000,0.997709,0.999427,MATCH,1
pair_6,same,random_noise,0.1,hybrid,1.000000,0.997709,0.999427,MATCH,1
pair_6,same,random_noise,0.2,img_only,1.000000,0.991209,0.997802,MATCH,1
pair_6,same,random_noise,0.2,cosine_only,1.000000,0.991209,0.997802,MATCH,1
pair_6,same,random_noise,0.2,hybrid,1.000000,0.991209,0.997802,MATCH,1
pair_6,same,random_noise,0.4,img_only,0.998028,0.944644,0.985175,MATCH,1
pair_6,same,random_noise,0.4,cosine_only,0.998028,0.944644,0.985175,MATCH,1
pair_6,same,random_noise,0.4,hybrid,0.998028,0.944644,0.985175,MATCH,1
pair_6,same,block_zero,0.05,img_only,0.894477,0.944434,0.933347,MATCH,1
pair_6,same,block_zero,0.05,cosine_only,0.894477,0.944434,0.933347,MATCH,1
pair_6,same,block_zero,0.05,hybrid,0.894477,0.944434,0.933347,MATCH,1
pair_6,same,block_zero,0.1,img_only,0.799803,0.892925,0.873133,MATCH,1
pair_6,same,block_zero,0.1,cosine_only,0.799803,0.892925,0.873133,MATCH,1
pair_6,same,block_zero,0.1,hybrid,0.799803,0.892925,0.873133,MATCH,1
pair_6,same,block_zero,0.2,img_only,0.598619,0.758043,0.738820,DIFFERENT,0
pair_6,same,block_zero,0.2,cosine_only,0.598619,0.758043,0.738820,MATCH,1
pair_6,same,block_zero,0.2,hybrid,0.598619,0.758043,0.738820,UNCERTAIN,0
pair_6,same,block_zero,0.4,img_only,0.321499,0.493817,0.534204,DIFFERENT,0
pair_6,same,block_zero,0.4,cosine_only,0.321499,0.493817,0.534204,UNCERTAIN,0
pair_6,same,block_zero,0.4,hybrid,0.321499,0.493817,0.534204,DIFFERENT,0
pair_6,same,amplitude_drop,0.05,img_only,1.000000,0.985248,0.996312,MATCH,1
pair_6,same,amplitude_drop,0.05,cosine_only,1.000000,0.985248,0.996312,MATCH,1
pair_6,same,amplitude_drop,0.05,hybrid,1.000000,0.985248,0.996312,MATCH,1
pair_6,same,amplitude_drop,0.1,img_only,1.000000,0.949519,0.987380,MATCH,1
pair_6,same,amplitude_drop,0.1,cosine_only,1.000000,0.949519,0.987380,MATCH,1
pair_6,same,amplitude_drop,0.1,hybrid,1.000000,0.949519,0.987380,MATCH,1
pair_6,same,amplitude_drop,0.2,img_only,0.999014,0.914374,0.978100,MATCH,1
pair_6,same,amplitude_drop,0.2,cosine_only,0.999014,0.914374,0.978100,MATCH,1
pair_6,same,amplitude_drop,0.2,hybrid,0.999014,0.914374,0.978100,MATCH,1
pair_6,same,amplitude_drop,0.4,img_only,0.987179,0.807822,0.945545,MATCH,1
pair_6,same,amplitude_drop,0.4,cosine_only,0.987179,0.807822,0.945545,MATCH,1
pair_6,same,amplitude_drop,0.4,hybrid,0.987179,0.807822,0.945545,MATCH,1
pair_7,different,random_noise,0.05,img_only,0.068047,-0.063917,0.268045,DIFFERENT,1
pair_7,different,random_noise,0.05,cosine_only,0.068047,-0.063917,0.268045,DIFFERENT,1
pair_7,different,random_noise,0.05,hybrid,0.068047,-0.063917,0.268045,DIFFERENT,1
pair_7,different,random_noise,0.1,img_only,0.066075,-0.063416,0.267184,DIFFERENT,1
pair_7,different,random_noise,0.1,cosine_only,0.066075,-0.063416,0.267184,DIFFERENT,1
pair_7,different,random_noise,0.1,hybrid,0.066075,-0.063416,0.267184,DIFFERENT,1
pair_7,different,random_noise,0.2,img_only,0.056213,-0.063066,0.262340,DIFFERENT,1
pair_7,different,random_noise,0.2,cosine_only,0.056213,-0.063066,0.262340,DIFFERENT,1
pair_7,different,random_noise,0.2,hybrid,0.056213,-0.063066,0.262340,DIFFERENT,1
pair_7,different,random_noise,0.4,img_only,0.044379,-0.074766,0.253498,DIFFERENT,1
pair_7,different,random_noise,0.4,cosine_only,0.044379,-0.074766,0.253498,DIFFERENT,1
pair_7,different,random_noise,0.4,hybrid,0.044379,-0.074766,0.253498,DIFFERENT,1
pair_7,different,block_zero,0.05,img_only,0.067061,-0.054541,0.269895,DIFFERENT,1
pair_7,different,block_zero,0.05,cosine_only,0.067061,-0.054541,0.269895,DIFFERENT,1
pair_7,different,block_zero,0.05,hybrid,0.067061,-0.054541,0.269895,DIFFERENT,1
pair_7,different,block_zero,0.1,img_only,0.047337,-0.063783,0.257723,DIFFERENT,1
pair_7,different,block_zero,0.1,cosine_only,0.047337,-0.063783,0.257723,DIFFERENT,1
pair_7,different,block_zero,0.1,hybrid,0.047337,-0.063783,0.257723,DIFFERENT,1
pair_7,different,block_zero,0.2,img_only,0.013807,-0.079263,0.237088,DIFFERENT,1
pair_7,different,block_zero,0.2,cosine_only,0.013807,-0.079263,0.237088,DIFFERENT,1
pair_7,different,block_zero,0.2,hybrid,0.013807,-0.079263,0.237088,DIFFERENT,1
pair_7,different,block_zero,0.4,img_only,0.022682,-0.082106,0.240815,DIFFERENT,1
pair_7,different,block_zero,0.4,cosine_only,0.022682,-0.082106,0.240815,DIFFERENT,1
pair_7,different,block_zero,0.4,hybrid,0.022682,-0.082106,0.240815,DIFFERENT,1
pair_7,different,amplitude_drop,0.05,img_only,0.061144,-0.061871,0.265104,DIFFERENT,1
pair_7,different,amplitude_drop,0.05,cosine_only,0.061144,-0.061871,0.265104,DIFFERENT,1
pair_7,different,amplitude_drop,0.05,hybrid,0.061144,-0.061871,0.265104,DIFFERENT,1
pair_7,different,amplitude_drop,0.1,img_only,0.063116,-0.059429,0.266701,DIFFERENT,1
pair_7,different,amplitude_drop,0.1,cosine_only,0.063116,-0.059429,0.266701,DIFFERENT,1
pair_7,different,amplitude_drop,0.1,hybrid,0.063116,-0.059429,0.266701,DIFFERENT,1
pair_7,different,amplitude_drop,0.2,img_only,0.055227,-0.052421,0.264508,DIFFERENT,1
pair_7,different,amplitude_drop,0.2,cosine_only,0.055227,-0.052421,0.264508,DIFFERENT,1
pair_7,different,amplitude_drop,0.2,hybrid,0.055227,-0.052421,0.264508,DIFFERENT,1
pair_7,different,amplitude_drop,0.4,img_only,0.043393,-0.065957,0.255207,DIFFERENT,1
pair_7,different,amplitude_drop,0.4,cosine_only,0.043393,-0.065957,0.255207,DIFFERENT,1
pair_7,different,amplitude_drop,0.4,hybrid,0.043393,-0.065957,0.255207,DIFFERENT,1
pair_8,same,random_noise,0.05,img_only,1.000000,0.998611,0.999653,MATCH,1
pair_8,same,random_noise,0.05,cosine_only,1.000000,0.998611,0.999653,MATCH,1
pair_8,same,random_noise,0.05,hybrid,1.000000,0.998611,0.999653,MATCH,1
pair_8,same,random_noise,0.1,img_only,1.000000,0.997878,0.999469,MATCH,1
pair_8,same,random_noise,0.1,cosine_only,1.000000,0.997878,0.999469,MATCH,1
pair_8,same,random_noise,0.1,hybrid,1.000000,0.997878,0.999469,MATCH,1
pair_8,same,random_noise,0.2,img_only,0.996055,0.990018,0.995532,MATCH,1
pair_8,same,random_noise,0.2,cosine_only,0.996055,0.990018,0.995532,MATCH,1
pair_8,same,random_noise,0.2,hybrid,0.996055,0.990018,0.995532,MATCH,1
pair_8,same,random_noise,0.4,img_only,0.993097,0.935153,0.980337,MATCH,1
pair_8,same,random_noise,0.4,cosine_only,0.993097,0.935153,0.980337,MATCH,1
pair_8,same,random_noise,0.4,hybrid,0.993097,0.935153,0.980337,MATCH,1
pair_8,same,block_zero,0.05,img_only,0.901381,0.953527,0.939072,MATCH,1
pair_8,same,block_zero,0.05,cosine_only,0.901381,0.953527,0.939072,MATCH,1
pair_8,same,block_zero,0.05,hybrid,0.901381,0.953527,0.939072,MATCH,1
pair_8,same,block_zero,0.1,img_only,0.852071,0.943686,0.911957,MATCH,1
pair_8,same,block_zero,0.1,cosine_only,0.852071,0.943686,0.911957,MATCH,1
pair_8,same,block_zero,0.1,hybrid,0.852071,0.943686,0.911957,MATCH,1
pair_8,same,block_zero,0.2,img_only,0.596647,0.750204,0.735875,DIFFERENT,0
pair_8,same,block_zero,0.2,cosine_only,0.596647,0.750204,0.735875,MATCH,1
pair_8,same,block_zero,0.2,hybrid,0.596647,0.750204,0.735875,UNCERTAIN,0
pair_8,same,block_zero,0.4,img_only,0.528600,0.896237,0.738359,DIFFERENT,0
pair_8,same,block_zero,0.4,cosine_only,0.528600,0.896237,0.738359,MATCH,1
pair_8,same,block_zero,0.4,hybrid,0.528600,0.896237,0.738359,UNCERTAIN,0
pair_8,same,amplitude_drop,0.05,img_only,1.000000,0.981868,0.995467,MATCH,1
pair_8,same,amplitude_drop,0.05,cosine_only,1.000000,0.981868,0.995467,MATCH,1
pair_8,same,amplitude_drop,0.05,hybrid,1.000000,0.981868,0.995467,MATCH,1
pair_8,same,amplitude_drop,0.1,img_only,1.000000,0.962705,0.990676,MATCH,1
pair_8,same,amplitude_drop,0.1,cosine_only,1.000000,0.962705,0.990676,MATCH,1
pair_8,same,amplitude_drop,0.1,hybrid,1.000000,0.962705,0.990676,MATCH,1
pair_8,same,amplitude_drop,0.2,img_only,0.996055,0.924682,0.979198,MATCH,1
pair_8,same,amplitude_drop,0.2,cosine_only,0.996055,0.924682,0.979198,MATCH,1
pair_8,same,amplitude_drop,0.2,hybrid,0.996055,0.924682,0.979198,MATCH,1
pair_8,same,amplitude_drop,0.4,img_only,0.981262,0.827355,0.947470,MATCH,1
pair_8,same,amplitude_drop,0.4,cosine_only,0.981262,0.827355,0.947470,MATCH,1
pair_8,same,amplitude_drop,0.4,hybrid,0.981262,0.827355,0.947470,MATCH,1
pair_9,different,random_noise,0.05,img_only,0.078895,-0.013270,0.286130,DIFFERENT,1
pair_9,different,random_noise,0.05,cosine_only,0.078895,-0.013270,0.286130,DIFFERENT,1
pair_9,different,random_noise,0.05,hybrid,0.078895,-0.013270,0.286130,DIFFERENT,1
pair_9,different,random_noise,0.1,img_only,0.079882,-0.015129,0.286158,DIFFERENT,1
pair_9,different,random_noise,0.1,cosine_only,0.079882,-0.015129,0.286158,DIFFERENT,1
pair_9,different,random_noise,0.1,hybrid,0.079882,-0.015129,0.286158,DIFFERENT,1
pair_9,different,random_noise,0.2,img_only,0.072978,-0.019195,0.281690,DIFFERENT,1
pair_9,different,random_noise,0.2,cosine_only,0.072978,-0.019195,0.281690,DIFFERENT,1
pair_9,different,random_noise,0.2,hybrid,0.072978,-0.019195,0.281690,DIFFERENT,1
pair_9,different,random_noise,0.4,img_only,0.089744,0.011984,0.297868,DIFFERENT,1
pair_9,different,random_noise,0.4,cosine_only,0.089744,0.011984,0.297868,DIFFERENT,1
pair_9,different,random_noise,0.4,hybrid,0.089744,0.011984,0.297868,DIFFERENT,1
pair_9,different,block_zero,0.05,img_only,0.076923,0.002948,0.289199,DIFFERENT,1
pair_9,different,block_zero,0.05,cosine_only,0.076923,0.002948,0.289199,DIFFERENT,1
pair_9,different,block_zero,0.05,hybrid,0.076923,0.002948,0.289199,DIFFERENT,1
pair_9,different,block_zero,0.1,img_only,0.065089,0.014793,0.286243,DIFFERENT,1
pair_9,different,block_zero,0.1,cosine_only,0.065089,0.014793,0.286243,DIFFERENT,1
pair_9,different,block_zero,0.1,hybrid,0.065089,0.014793,0.286243,DIFFERENT,1
pair_9,different,block_zero,0.2,img_only,0.043393,-0.007930,0.269714,DIFFERENT,1
pair_9,different,block_zero,0.2,cosine_only,0.043393,-0.007930,0.269714,DIFFERENT,1
pair_9,different,block_zero,0.2,hybrid,0.043393,-0.007930,0.269714,DIFFERENT,1
pair_9,different,block_zero,0.4,img_only,0.014793,0.001839,0.257856,DIFFERENT,1
pair_9,different,block_zero,0.4,cosine_only,0.014793,0.001839,0.257856,DIFFERENT,1
pair_9,different,block_zero,0.4,hybrid,0.014793,0.001839,0.257856,DIFFERENT,1
pair_9,different,amplitude_drop,0.05,img_only,0.079882,-0.014340,0.286356,DIFFERENT,1
pair_9,different,amplitude_drop,0.05,cosine_only,0.079882,-0.014340,0.286356,DIFFERENT,1
pair_9,different,amplitude_drop,0.05,hybrid,0.079882,-0.014340,0.286356,DIFFERENT,1
pair_9,different,amplitude_drop,0.1,img_only,0.073964,-0.027057,0.280218,DIFFERENT,1
pair_9,different,amplitude_drop,0.1,cosine_only,0.073964,-0.027057,0.280218,DIFFERENT,1
pair_9,different,amplitude_drop,0.1,hybrid,0.073964,-0.027057,0.280218,DIFFERENT,1
pair_9,different,amplitude_drop,0.2,img_only,0.071992,-0.021069,0.280729,DIFFERENT,1
pair_9,different,amplitude_drop,0.2,cosine_only,0.071992,-0.021069,0.280729,DIFFERENT,1
pair_9,different,amplitude_drop,0.2,hybrid,0.071992,-0.021069,0.280729,DIFFERENT,1
pair_9,different,amplitude_drop,0.4,img_only,0.035503,-0.030415,0.260148,DIFFERENT,1
pair_9,different,amplitude_drop,0.4,cosine_only,0.035503,-0.030415,0.260148,DIFFERENT,1
pair_9,different,amplitude_drop,0.4,hybrid,0.035503,-0.030415,0.260148,DIFFERENT,1
